UID2021,UTMX,UTMY,LatinName,CommonName,SpeciesID,PositionSt,lat,long
1,453903.80000000000,4942103.03000000000,Amelanchier laevis*,Serviceberry or Juneberry,16,Check position,44.63080451530,-63.58114352540
2,453901.07000000000,4942101.71000000000,Rhus typhina,Sumach,106,Good - Ground Truthed,44.63079245740,-63.58117782270
3,453896.75000000000,4942100.35000000000,Tilia cordata,Basswood,116,Good - Ground Truthed,44.63077993750,-63.58123216070
4,453892.48000000000,4942098.73000000000,Tilia cordata,Basswood,116,Good - Ground Truthed,44.63076508020,-63.58128584510
5,453895.10000000000,4942078.11000000000,Amelanchier laevis*,Serviceberry or Juneberry,16,Good - Ground Truthed,44.63057962610,-63.58125096320
6,453884.38000000000,4942096.56000000000,Malus sp.,Flowering Crab 'White Angel',81,Good - Ground Truthed,44.63074502600,-63.58138776300
7,453883.08000000000,4942094.06000000000,Malus sp.,Flowering Crab 'White Angel',81,Good - Ground Truthed,44.63072243740,-63.58140392680
8,453881.58000000000,4942091.04000000000,Malus sp.,Flowering Crab 'White Angel',81,Good - Ground Truthed,44.63069515500,-63.58142256510
9,453884.20000000000,4942098.34000000000,Quercus rubra,Red Oak,103,Good - Ground Truthed,44.63076103810,-63.58139019210
10,453877.10000000000,4942094.44000000000,Quercus rubra,Red Oak,103,Good - Ground Truthed,44.63072547440,-63.58147934800
11,453876.22000000000,4942090.18000000000,Quercus rubra,Red Oak,103,Good - Ground Truthed,44.63068706920,-63.58149005880
12,453873.53000000000,4942088.36000000000,Tilia cordata,Basswood,116,Good - Ground Truthed,44.63067051280,-63.58152380670
13,453872.27000000000,4942092.16000000000,Acer rubrum,Red Maple,8,Good - Ground Truthed,44.63070463970,-63.58154003250
14,453871.14000000000,4942088.42000000000,Quercus rubra,Red Oak,103,Good - Ground Truthed,44.63067089950,-63.58155394170
15,453869.29000000000,4942086.98000000000,Betula papyrifera,White Birch,22,Good - Ground Truthed,44.63065781780,-63.58157713430
16,453868.09000000000,4942091.30000000000,Acer rubrum,Red Maple,8,Good - Ground Truthed,44.63069662960,-63.58159265050
17,453867.25000000000,4942087.22000000000,Acer rubrum,Red Maple,8,Good - Ground Truthed,44.63065984740,-63.58160287310
18,453866.19000000000,4942084.47000000000,Acer rubrum,Red Maple,8,Good - Ground Truthed,44.63063502370,-63.58161598880
19,453863.61000000000,4942090.27000000000,Tilia cordata,Basswood,116,Good - Ground Truthed,44.63068706990,-63.58164903500
20,453863.86000000000,4942093.53000000000,Sorbus aucuparia,Mountain Ash,110,Good - Ground Truthed,44.63071643260,-63.58164617650
21,453861.06000000000,4942089.30000000000,Sorbus aucuparia,Mountain Ash,110,Good - Ground Truthed,44.63067817420,-63.58168109440
22,453861.68000000000,4942087.08000000000,Quercus rubra,Red Oak,103,Good - Ground Truthed,44.63065822950,-63.58167307880
23,453864.20000000000,4942083.29000000000,Quercus rubra,Red Oak,103,Good - Ground Truthed,44.63062427350,-63.58164096960
24,453857.82000000000,4942083.36000000000,Tilia cordata,Basswood,116,Good - Ground Truthed,44.63062449400,-63.58172140540
25,453856.35000000000,4942088.33000000000,Tilia cordata,Basswood,116,Good - Ground Truthed,44.63066913980,-63.58174038390
26,453876.43000000000,4942076.69000000000,Tilia cordata,Basswood,116,Good - Ground Truthed,44.63056564510,-63.58148619880
27,453875.01000000000,4942073.25000000000,Tilia cordata,Basswood,116,Good - Ground Truthed,44.63053458690,-63.58150379080
28,453878.45000000000,4942073.86000000000,Tilia cordata,Basswood,116,Good - Ground Truthed,44.63054029890,-63.58146047940
29,453886.61000000000,4942088.35000000000,Malus sp.,Flowering Crab,77,Good - Ground Truthed,44.63067126230,-63.58135891260
30,453893.04000000000,4942076.77000000000,Pinus mugo,Mountain Pine,91,Good - Ground Truthed,44.63056743120,-63.58127681220
31,453892.38000000000,4942068.96000000000,Pinus mugo,Mountain Pine,91,Good - Ground Truthed,44.63049708280,-63.58128443070
32,453892.96000000000,4942063.03000000000,Pinus mugo,Mountain Pine,91,Good - Ground Truthed,44.63044373790,-63.58127658620
33,453889.73000000000,4942063.36000000000,Betula papyrifera,White Birch,22,Good - Ground Truthed,44.63044650130,-63.58131733470
34,453843.36000000000,4942077.15000000000,Acer rubrum,Red Maple,8,Good - Ground Truthed,44.63056766260,-63.58190313680
35,453846.03000000000,4942077.42000000000,Tilia cordata,Basswood,116,Good - Ground Truthed,44.63057026470,-63.58186950180
36,453849.78000000000,4942073.96000000000,Pinus mugo,Mountain Pine,91,Good - Ground Truthed,44.63053935840,-63.58182191630
37,453850.89000000000,4942068.52000000000,Corylus avellana,Corkscrew Hazel,39,Good - Ground Truthed,44.63049045860,-63.58180743380
38,453852.77000000000,4942071.83000000000,,,0,Need species ID,44.63052037610,-63.58178403130
39,453855.04000000000,4942070.02000000000,Pinus mugo,Mountain Pine,91,Good - Ground Truthed,44.63050422820,-63.58175525190
40,453859.21000000000,4942067.20000000000,Fagus sylvatica riversii,Copper Beech,46,Good - Ground Truthed,44.63047911020,-63.58170242930
41,453855.83000000000,4942066.88000000000,Picea pungens,Blue Spruce,89,Good - Ground Truthed,44.63047601250,-63.58174501040
42,453854.53000000000,4942068.21000000000,Quercus rubra,Red Oak,103,Good - Ground Truthed,44.63048790170,-63.58176151840
43,453853.89000000000,4942060.96000000000,Ulmus glabra,Elm,121,Good - Ground Truthed,44.63042259580,-63.58176893450
44,453857.07000000000,4942060.94000000000,Pinus sylvestris,Scotts Pine,95,Good - Ground Truthed,44.63042261990,-63.58172884420
45,453861.60000000000,4942059.82000000000,Tilia cordata,Basswood,116,Good - Ground Truthed,44.63041282850,-63.58167163620
46,453852.27000000000,4942056.93000000000,Pinus sylvestris,Scotts Pine,95,Good - Ground Truthed,44.63038621350,-63.58178899460
47,453852.52000000000,4942048.43000000000,Betula nigra,Red Birch,20,Good - Ground Truthed,44.63030971210,-63.58178507850
48,453858.58000000000,4942047.67000000000,Betula papyrifera,White Birch,22,Good - Ground Truthed,44.63030325970,-63.58170861520
49,453860.63000000000,4942037.04000000000,Pinus nigra,Austrian Pine,92,Good - Ground Truthed,44.63020769960,-63.58168181620
50,453864.00000000000,4942036.18000000000,Pinus nigra,Austrian Pine,92,Good - Ground Truthed,44.63020017420,-63.58163925530
51,453871.62000000000,4942029.53000000000,Tsuga canadensis ?,Eastern Hemlock,118,Good - Ground Truthed,44.63014079980,-63.58154259660
52,453870.01000000000,4942031.53000000000,Betula papyrifera,White Birch,22,Good - Ground Truthed,44.63015870050,-63.58156307270
53,453869.09000000000,4942025.37000000000,Pinus strobus,White Pine,94,Good - Ground Truthed,44.63010318880,-63.58157411690
54,453868.82000000000,4942022.23000000000,Pinus strobus,White Pine,94,Good - Ground Truthed,44.63007490510,-63.58157723830
55,453869.62000000000,4942020.56000000000,Pinus strobus,White Pine,94,Good - Ground Truthed,44.63005992300,-63.58156700310
56,453874.64000000000,4942019.03000000000,Quercus rubra,Red Oak,103,Good - Ground Truthed,44.63004647210,-63.58150358150
57,453849.67000000000,4942047.70000000000,Viburnum dentatum,Arrowood Viburnum,123,Good - Ground Truthed,44.63030295760,-63.58182094120
58,453825.10000000000,4942098.64000000000,Tilia cordata,Basswood,116,Good - Ground Truthed,44.63075994350,-63.58213526520
59,453815.46000000000,4942103.04000000000,Pinus nigra,Austrian Pine,92,Good - Ground Truthed,44.63079893300,-63.58225718810
60,453817.19000000000,4942103.74000000000,Betula sp.,Birch,23,Good - Ground Truthed,44.63080534560,-63.58223544180
61,453816.03000000000,4942125.78000000000,Pinus nigra,Austrian Pine,92,Good - Ground Truthed,44.63100367610,-63.58225204910
62,453815.10000000000,4942134.89000000000,Stewartia pseudocamellia,Japanese Stewartia,113,Good - Ground Truthed,44.63108562500,-63.58226459320
63,453817.14000000000,4942143.30000000000,Fraxinus ornus,Manna Ash,49,Good - Ground Truthed,44.63116146330,-63.58223963270
64,453812.87000000000,4942159.10000000000,Fraxinus ornus,Manna Ash,49,Good - Ground Truthed,44.63130342120,-63.58229488520
65,453806.88000000000,4942160.38000000000,Magnolia acuminata*,Cucumber Tree,68,Good - Ground Truthed,44.63131455880,-63.58237051420
66,453800.27000000000,4942170.85000000000,Pinus nigra,Austrian Pine,92,Good - Ground Truthed,44.63140838520,-63.58245478690
67,453793.48000000000,4942190.78000000000,Magnolia loebrieri,var. Leonard Messel,71,Check position,44.63158735940,-63.58254218090
68,453849.33000000000,4942138.36000000000,Picea pungens,Blue Spruce,89,Good - Ground Truthed,44.63111906130,-63.58183338130
69,453850.94000000000,4942141.41000000000,Physocarpus opulifolia,Nine Bark,88,Good - Ground Truthed,44.63114662100,-63.58181335900
70,453850.67000000000,4942144.73000000000,Malus sp.,Flowering Crab,77,Good - Ground Truthed,44.63117649040,-63.58181706140
71,453839.26000000000,4942174.20000000000,Picea pungens,Blue Spruce,89,Good - Ground Truthed,44.63144104780,-63.58196355410
72,453782.48000000000,4942223.97000000000,Acer platanoides,Norway Maple Crimson King,6,Good - Ground Truthed,44.63188542980,-63.58268384430
73,453777.24000000000,4942223.78000000000,Acer platanoides,Norway Maple Crimson King,6,Good - Ground Truthed,44.63188338230,-63.58274988670
74,453777.50000000000,4942228.11000000000,Acer platanoides,Norway Maple Crimson King,6,Good - Ground Truthed,44.63192237790,-63.58274699900
75,453800.14000000000,4942221.75000000000,Styrax japonica,Japanese Snowbell,114,Good - Ground Truthed,44.63186658090,-63.58246100880
76,453806.65000000000,4942221.29000000000,Betula utilis var Jacquemontii,Himalayan Birch,24,Good - Ground Truthed,44.63186285850,-63.58237889730
77,453813.85000000000,4942224.10000000000,Acer griseum,Paperbark Maple,3,Good - Ground Truthed,44.63188861710,-63.58228838150
78,453818.16000000000,4942218.18000000000,Euonymus europaeus,Spindle Tree,45,Good - Ground Truthed,44.63183560200,-63.58223351340
79,453822.76000000000,4942222.23000000000,Populus nigra var. italica,Lombardy Poplar,96,Good - Ground Truthed,44.63187235590,-63.58217588680
80,453823.55000000000,4942218.83000000000,Populus nigra var. italica,Lombardy Poplar,96,Good - Ground Truthed,44.63184179970,-63.58216562150
81,453827.08000000000,4942217.72000000000,Syringa reticulata var. Ivory Silk,Ivory Silk or Tree Lilac,115,Good - Ground Truthed,44.63183203430,-63.58212101970
82,453831.17000000000,4942218.75000000000,Larix laricena,Tamarack,65,Good - Ground Truthed,44.63184156920,-63.58206955070
83,453826.82000000000,4942220.56000000000,Ilex opaca (female tree),American Holly,55,Good - Ground Truthed,44.63185758340,-63.58212455300
84,453847.03000000000,4942225.55000000000,Magnolia virginiana,?Henry Hicks?,76,Good - Ground Truthed,44.63190380200,-63.58187021910
85,453845.96000000000,4942228.22000000000,Celtis occidentalis*,Hackbery,30,Good - Ground Truthed,44.63192776870,-63.58188394850
86,453844.88000000000,4942231.85000000000,Magnolia grandiflora,?Victoria?,70,Good - Ground Truthed,44.63196037670,-63.58189789040
87,453843.82000000000,4942234.39000000000,Ostrya virginiana*,Ironwood or Hop-Hornbeam,86,Good - Ground Truthed,44.63198317380,-63.58191148210
88,453842.05000000000,4942232.35000000000,Ilex opaca (male tree),American Holly,56,Good - Ground Truthed,44.63196469600,-63.58193361260
89,453833.01000000000,4942258.35000000000,Pyrus calleryana,Callery Pear,101,Good - Ground Truthed,44.63219816840,-63.58204991740
90,453830.87000000000,4942265.28000000000,Pyrus calleryana,Callery Pear,101,Good - Ground Truthed,44.63226041500,-63.58207751960
91,453830.86000000000,4942280.90000000000,Ostrya virginiana*,Ironwood or Hop-Hornbeam,86,Good - Ground Truthed,44.63240102630,-63.58207905120
92,453829.29000000000,4942285.78000000000,Celtis occidentalis*,Hackbery,30,Good - Ground Truthed,44.63244485540,-63.58209928320
93,453826.03000000000,4942293.41000000000,Betula papyrifera,Paperbark Birch,21,Good - Ground Truthed,44.63251333150,-63.58214106830
94,453822.95000000000,4942287.55000000000,Pinus strobus,White Pine,94,Good - Ground Truthed,44.63246038160,-63.58217937020
95,453819.13000000000,4942286.71000000000,Catalpa speciosa,Northern Catalpa,29,Good - Ground Truthed,44.63245257440,-63.58222745290
96,453814.49000000000,4942284.75000000000,Tsuga canadensis,Eastern Hemlock,117,Good - Ground Truthed,44.63243463220,-63.58228577250
97,453813.66000000000,4942283.67000000000,Pseudotsuga menzeisii,Douglas Fir,100,Good - Ground Truthed,44.63242485660,-63.58229613900
98,453811.32000000000,4942291.07000000000,Acer rubrum,Red Maple,8,Good - Ground Truthed,44.63249132130,-63.58232630530
99,453810.92000000000,4942295.64000000000,Tsuga canadensis,Eastern Hemlock,117,Good - Ground Truthed,44.63253243490,-63.58233175950
100,453813.02000000000,4942296.49000000000,Pseudotsuga menzeisii,Douglas Fir,100,Good - Ground Truthed,44.63254022170,-63.58230536150
101,453808.26000000000,4942300.92000000000,Diospyros virginiana,Persimon,44,Good - Ground Truthed,44.63257979470,-63.58236576920
102,453810.81000000000,4942301.84000000000,Cornus kausa,?satomi? Pink dogwood,36,Good - Ground Truthed,44.63258824050,-63.58233370440
103,453807.49000000000,4942307.64000000000,Betula papyrifera,Paperbark Birch,21,Good - Ground Truthed,44.63264023900,-63.58237608150
104,453807.35000000000,4942309.76000000000,Betula sp.,Birch,23,Good - Ground Truthed,44.63265931430,-63.58237803740
105,453810.53000000000,4942310.86000000000,Ulmus glabra,English Elm,122,Good - Ground Truthed,44.63266942100,-63.58233804630
106,453804.63000000000,4942312.13000000000,Stewartia pseudocamellia,Japanese Stewartia,113,Good - Ground Truthed,44.63268047430,-63.58241254160
107,453800.82000000000,4942310.79000000000,Cornus kausa,Chinese Flowering Dogwood,37,Good - Ground Truthed,44.63266816660,-63.58246045350
108,453790.42000000000,4942311.99000000000,Fraxinus excelsior,Ash,48,Good - Ground Truthed,44.63267830030,-63.58259167370
109,453786.15000000000,4942311.71000000000,Ulmus glabra,English Elm,122,Good - Ground Truthed,44.63267550510,-63.58264548020
110,453773.36000000000,4942306.92000000000,Sorbus decora,Showy Mountain Ash,111,Good - Ground Truthed,44.63263156260,-63.58280629140
111,453762.50000000000,4942303.37000000000,Ulmus glabra,English Elm,122,Good - Ground Truthed,44.63259890660,-63.58294288280
112,453754.60000000000,4942300.85000000000,Ulmus glabra,English Elm,122,Good - Ground Truthed,44.63257571300,-63.58304225040
113,453754.86000000000,4942295.63000000000,Acer platanoides,Norway Maple,5,Good - Ground Truthed,44.63252873910,-63.58303850210
114,453762.43000000000,4942279.23000000000,Juniperus sp.,Juniper,61,Good - Ground Truthed,44.63238159280,-63.58294158990
115,453765.68000000000,4942274.25000000000,Pinus sp.,Pine,93,Good - Ground Truthed,44.63233697170,-63.58290016880
116,453768.61000000000,4942254.26000000000,Pinus sp.,Pine,93,Good - Ground Truthed,44.63215720940,-63.58286142950
117,453776.53000000000,4942244.59000000000,Castanea dentata*,American Chestnut,28,Good - Ground Truthed,44.63207066920,-63.58276071220
118,453777.28000000000,4942241.93000000000,Cydonia oblongata,Quince,43,Good - Ground Truthed,44.63204677200,-63.58275101750
119,453779.75000000000,4942241.88000000000,Maackia amurensis,Amur Maakia,67,Good - Ground Truthed,44.63204648080,-63.58271987410
120,453807.43000000000,4942319.03000000000,Ulmus glabra,English Elm,122,Good - Ground Truthed,44.63274276840,-63.58237786340
121,453817.18000000000,4942322.04000000000,Acer rubrum,Red Maple,8,Good - Ground Truthed,44.63277049120,-63.58225521650
122,453826.44000000000,4942325.35000000000,Ulmus glabra,English Elm,122,Good - Ground Truthed,44.63280088310,-63.58213877390
123,453828.61000000000,4942322.38000000000,Ulmus glabra,English Elm,122,Good - Ground Truthed,44.63277428650,-63.58211114950
124,453834.67000000000,4942327.11000000000,Ulmus glabra,English Elm,122,Good - Ground Truthed,44.63281725550,-63.58203517680
125,453842.28000000000,4942329.82000000000,Ulmus glabra,English Elm,122,Good - Ground Truthed,44.63284214000,-63.58193948150
126,453848.99000000000,4942329.17000000000,Acer rubrum,Red Maple,8,Good - Ground Truthed,44.63283671960,-63.58185483020
127,453846.95000000000,4942325.87000000000,Gleditsia triacanthos,Sunburst Honey-Locust,52,Good - Ground Truthed,44.63280688190,-63.58188025160
128,453838.24000000000,4942319.80000000000,Betula papyrifera,Paperbark Birch,21,Good - Ground Truthed,44.63275168000,-63.58198951220
129,453835.35000000000,4942319.70000000000,Betula papyrifera,Paperbark Birch,21,Good - Ground Truthed,44.63275059410,-63.58202593740
130,453840.89000000000,4942311.10000000000,Quercus robur,English Oak,102,Good - Ground Truthed,44.63267353240,-63.58195532110
131,453835.69000000000,4942310.96000000000,Acer platanoides,Norway Maple,5,Good - Ground Truthed,44.63267193810,-63.58202086460
132,453836.72000000000,4942307.40000000000,Acer platanoides,Norway Maple,5,Good - Ground Truthed,44.63263995700,-63.58200755910
133,453837.24000000000,4942302.22000000000,Acer platanoides,Norway Maple,5,Good - Ground Truthed,44.63259335980,-63.58200053750
134,453837.93000000000,4942303.09000000000,Ulmus glabra,English Elm,122,Good - Ground Truthed,44.63260123590,-63.58199191700
135,453849.82000000000,4942318.23000000000,Acer rubrum,Red Maple,8,Good - Ground Truthed,44.63273829060,-63.58184338240
136,453850.31000000000,4942314.50000000000,Acer rubrum,Red Maple,8,Good - Ground Truthed,44.63270474440,-63.58183686950
137,453877.11000000000,4942286.74000000000,Quercus rubra,Red Oak,103,Check position,44.63245656850,-63.58149650770
138,453869.66000000000,4942299.59000000000,Ulmus glabra,Elm,121,Check position,44.63257176650,-63.58159158440
139,453865.11000000000,4942314.77000000000,Larix decidua,European Larch,64,Good - Ground Truthed,44.63270812540,-63.58165031080
140,453861.07000000000,4942332.21000000000,Tilia cordata,Basswood,116,Check position,44.63286486160,-63.58170281130
141,453866.14000000000,4942336.18000000000,Phellodendron amurense,Amur Cork Tree,87,Good - Ground Truthed,44.63290092530,-63.58163925080
142,453875.95000000000,4942338.98000000000,Ulmus glabra,Elm,121,Good - Ground Truthed,44.63292676080,-63.58151582790
143,453889.37000000000,4942343.68000000000,Juglans cinerea,? Butternut,59,Good - Ground Truthed,44.63296993170,-63.58134706430
144,453940.31000000000,4942361.07000000000,Juglans ailantifolia,Japanese Walnut,58,Good - Ground Truthed,44.63312974450,-63.58070642430
145,453950.12000000000,4942339.36000000000,Cornus kausa var. chinensis,Chinese Flowering Dogwood,38,Good - Ground Truthed,44.63293493890,-63.58058080060
146,453955.59000000000,4942331.26000000000,Acer platanoides ?,Norway Maple,7,Good - Ground Truthed,44.63286237280,-63.58051111330
147,453951.77000000000,4942328.40000000000,Quercus robur,English Oak,102,Good - Ground Truthed,44.63283638220,-63.58055901530
148,453940.03000000000,4942327.85000000000,Corylus colurna,Turkish Hazel,40,Good - Ground Truthed,44.63283067860,-63.58070697200
149,453930.16000000000,4942331.95000000000,Salix sp.,Willow,108,Good - Ground Truthed,44.63286695420,-63.58083177100
150,453913.34000000000,4942322.73000000000,Gleditsia triacanthos,Honey Locust,51,Good - Ground Truthed,44.63278287670,-63.58104299240
151,453897.37000000000,4942319.42000000000,Cladrastis lutea,Yellow Wood,34,Good - Ground Truthed,44.63275205550,-63.58124402830
152,453888.61000000000,4942318.20000000000,Acer griseum,Paperbark Maple,3,Good - Ground Truthed,44.63274051090,-63.58135435570
153,453882.03000000000,4942309.50000000000,Acer rubrum,Red Maple,8,Good - Ground Truthed,44.63266177080,-63.58143652750
154,453890.38000000000,4942311.21000000000,Acer rubrum,Red Maple,8,Good - Ground Truthed,44.63267770020,-63.58133141320
155,453898.13000000000,4942309.08000000000,Chamaecyparus sp.,Cypress,33,Good - Ground Truthed,44.63265902310,-63.58123351790
156,453902.94000000000,4942309.93000000000,Chamaecyparus sp.,Cypress,33,Good - Ground Truthed,44.63266698340,-63.58117295490
157,453913.93000000000,4942315.01000000000,Chamaecyparus sp.,Cypress,33,Good - Ground Truthed,44.63271341880,-63.58103486090
158,453917.73000000000,4942316.94000000000,Chamaecyparus sp.,Cypress,33,Good - Ground Truthed,44.63273103650,-63.58098712780
159,453935.45000000000,4942318.81000000000,Aralia elata,Japanese Angelica Tree,17,Good - Ground Truthed,44.63274900650,-63.58076390030
160,453938.12000000000,4942309.25000000000,Acer campestris,Hedge Maple,2,Good - Ground Truthed,44.63266311810,-63.58072938150
161,453940.53000000000,4942300.74000000000,Syringa reticulata var. Ivory Silk,Ivory Silk or Tree Lilac,115,Good - Ground Truthed,44.63258666520,-63.58069823480
162,453939.77000000000,4942295.66000000000,Tsuga canadensis ?,Eastern Hemlock,118,Good - Ground Truthed,44.63254088610,-63.58070736000
163,453944.37000000000,4942282.18000000000,Prunus serrulata var kiku-shidare-sa,Weeping Japanese Cherry,98,Good - Ground Truthed,44.63241983340,-63.58064815820
164,453936.34000000000,4942275.71000000000,Rhus typhina,Staghorn Sumac,105,Good - Ground Truthed,44.63236107540,-63.58074881070
165,453929.98000000000,4942276.45000000000,Magnolia stellata var Royal Star,Star Magnolia,75,Good - Ground Truthed,44.63236732920,-63.58082905690
166,453926.80000000000,4942275.04000000000,Malus sp.,Flowering Crab,77,Good - Ground Truthed,44.63235443240,-63.58086902010
167,453928.69000000000,4942270.46000000000,Morus alba,White Mulberry,84,Good - Ground Truthed,44.63231332420,-63.58084478190
168,453932.74000000000,4942271.09000000000,Quercus robur,English Oak,102,Good - Ground Truthed,44.63231925520,-63.58079378060
169,453926.36000000000,4942262.74000000000,Crataegus laevigatus var Pauls Scarl,Pink May or Hawthorn,41,Good - Ground Truthed,44.63224367900,-63.58087346270
170,453935.98000000000,4942256.41000000000,Metasequoia glyptostroboides,Dawn Cypress or Dawn Redwood,83,Good - Ground Truthed,44.63218731280,-63.58075161640
171,453939.79000000000,4942263.16000000000,Hibiscus syriacus var. 'Lucy',Rose of Sharon,54,Good - Ground Truthed,44.63224832090,-63.58070419030
172,453942.63000000000,4942267.91000000000,Juglans nigra*,Black Walnut,60,Good - Ground Truthed,44.63229126260,-63.58066881320
173,453958.45000000000,4942291.12000000000,Acer platanoides,Norway Maple,5,Good - Ground Truthed,44.63250121400,-63.58047145530
174,453964.49000000000,4942290.06000000000,Ulmus glabra,Elm,121,Good - Ground Truthed,44.63249205880,-63.58039521450
175,453961.57000000000,4942284.99000000000,Ulmus glabra,Elm,121,Good - Ground Truthed,44.63244623140,-63.58043157170
176,453961.36000000000,4942280.89000000000,Ulmus glabra,Elm,121,Good - Ground Truthed,44.63240930950,-63.58043385130
177,453957.04000000000,4942266.09000000000,Ulmus glabra,Elm,121,Good - Ground Truthed,44.63227580240,-63.58048698490
178,453953.65000000000,4942260.56000000000,Ulmus glabra,Elm,121,Good - Ground Truthed,44.63222580390,-63.58052922590
179,453954.50000000000,4942241.47000000000,Gymnocladus diocus*,Kentucky Coffee Tree,53,Good - Ground Truthed,44.63205400930,-63.58051679690
180,453944.43000000000,4942246.62000000000,Malus sp.,Weeping Crab Apple,82,Good - Ground Truthed,44.63209972450,-63.58064420980
181,453937.65000000000,4942247.28000000000,Fraxinus excelsior,Ash,48,Good - Ground Truthed,44.63210523120,-63.58072974340
182,453930.66000000000,4942240.09000000000,Sorbus intermedia,Swedish Whitebeam,112,Good - Ground Truthed,44.63204005840,-63.58081721950
183,453938.77000000000,4942235.33000000000,Crataegus monogyna,Hawthorn,42,Good - Ground Truthed,44.63199772860,-63.58071455090
184,453941.30000000000,4942226.79000000000,Crataegus monogyna,Hawthorn,42,Good - Ground Truthed,44.63192101330,-63.58068188910
185,453932.35000000000,4942229.51000000000,Cerciiphyllum japonicum,Katsura Tree,31,Good - Ground Truthed,44.63194492510,-63.58079496410
186,453921.80000000000,4942229.69000000000,Fraxinus excelsior,Ash,48,Good - Ground Truthed,44.63194586900,-63.58092798190
187,453921.60000000000,4942220.18000000000,Gleditsia triacanthos,Honey Locust,51,Good - Ground Truthed,44.63186024670,-63.58092964920
188,453914.94000000000,4942241.08000000000,Gleditsia triacanthos,Honey Locust,51,Good - Ground Truthed,44.63204796240,-63.58101548750
189,453934.16000000000,4942221.84000000000,Malus sp.,Flowering Crab 'Makamik',78,Good - Ground Truthed,44.63187599540,-63.58077145720
190,453942.53000000000,4942220.92000000000,Acer platanoides,Norway Maple,5,Good - Ground Truthed,44.63186825010,-63.58066585590
191,453943.14000000000,4942218.88000000000,Crataegus monogyna,Hawthorn,42,Good - Ground Truthed,44.63184992500,-63.58065798260
192,453944.07000000000,4942216.77000000000,Ulmus glabra,Elm,121,Good - Ground Truthed,44.63183099030,-63.58064606890
193,453942.77000000000,4942213.51000000000,Celtis occidentalis*,Hackbery,30,Good - Ground Truthed,44.63180156030,-63.58066216510
194,453937.81000000000,4942208.23000000000,Prunus Padus,European Pin Cherry or Mayday Tree,97,Good - Ground Truthed,44.63175371160,-63.58072422060
195,453935.97000000000,4942215.39000000000,Betula alleghaniensis*,Yellow Birch,19,Good - Ground Truthed,44.63181804830,-63.58074805980
196,453927.56000000000,4942206.93000000000,Magnolia sp.,var. Wades Memory,74,Good - Ground Truthed,44.63174135180,-63.58085332310
197,453925.09000000000,4942205.19000000000,Betula papyrifera,White Birch,22,Good - Ground Truthed,44.63172552980,-63.58088430550
198,453928.29000000000,4942202.85000000000,Sambucus canadensis*,Canadian Elder,109,Good - Ground Truthed,44.63170467020,-63.58084375380
199,453926.27000000000,4942197.24000000000,Sorbus aucuparia,Mountain Ash,110,Good - Ground Truthed,44.63165403920,-63.58086871570
200,453921.18000000000,4942161.15000000000,Ostrya virginiana*,Ironwood or Hop-Hornbeam,86,Check position,44.63132882900,-63.58092964290
201,453912.18000000000,4942158.36000000000,Magnolia stellata var Royal Star,Star Magnolia,75,Good - Ground Truthed,44.63130313610,-63.58104285220
202,453914.26000000000,4942135.20000000000,Cercis canadensis*,Redbud or Judas Tree,32,Check position,44.63109478210,-63.58101455030
203,453913.96000000000,4942131.55000000000,Chamaecyparus sp.,Cypress,33,Check position,44.63106190530,-63.58101800440
204,453919.10000000000,4942134.31000000000,Chamaecyparus sp.,Cypress,33,Check position,44.63108708060,-63.58095345440
205,453922.27000000000,4942134.58000000000,Chamaecyparus sp.,Cypress,33,Check position,44.63108971450,-63.58091351570
206,453929.58000000000,4942141.23000000000,Magnolia brooklynensis,var. Yellow Bird,69,Good - Ground Truthed,44.63115004680,-63.58082195850
207,453921.05000000000,4942115.92000000000,Malus sp.,Flowering Crab 'Profusion',79,Check position,44.63092165800,-63.58092722010
208,453946.07000000000,4942191.84000000000,Fraxinus excelsior,Ash,48,Good - Ground Truthed,44.63160669740,-63.58061861780
209,453940.39000000000,4942192.37000000000,Acer saccharum,Sugar Maple,10,Good - Ground Truthed,44.63161110450,-63.58069027150
210,453944.69000000000,4942202.06000000000,Crataegus monogyna,Hawthorn,42,Good - Ground Truthed,44.63169860990,-63.58063693240
211,453956.08000000000,4942203.83000000000,Fraxinus excelsior,Ash,48,Good - Ground Truthed,44.63171527350,-63.58049350050
212,453950.09000000000,4942213.52000000000,Juglans nigra*,Black Walnut,60,Good - Ground Truthed,44.63180211950,-63.58056988450
213,453959.29000000000,4942218.67000000000,Magnolia sieboldii,Siebolds Magnolia,72,Good - Ground Truthed,44.63184906950,-63.58045436440
214,453967.08000000000,4942222.58000000000,Carya lacinosa*,Shellbark Hickory,26,Good - Ground Truthed,44.63188476660,-63.58035650850
215,453969.18000000000,4942217.73000000000,Quercus robur,English Oak,102,Good - Ground Truthed,44.63184124120,-63.58032959910
216,453972.65000000000,4942216.15000000000,Quercus robur,English Oak,102,Good - Ground Truthed,44.63182724030,-63.58028571190
217,453979.98000000000,4942221.69000000000,Carya ovata*,Shagbark Hickory,27,Good - Ground Truthed,44.63187758110,-63.58019380120
218,453987.52000000000,4942225.58000000000,Magnolia soulangeana,Saucer Magnolia,73,Good - Ground Truthed,44.63191308190,-63.58009909490
219,453974.68000000000,4942227.72000000000,Fraxinus excelsior,Ash,48,Good - Ground Truthed,44.63193152400,-63.58026115800
220,453972.74000000000,4942233.73000000000,Ginko biloba,Maidenhair Tree,50,Good - Ground Truthed,44.63198550200,-63.58028615430
221,453977.72000000000,4942239.76000000000,Fraxinus excelsior,Ash,48,Good - Ground Truthed,44.63204010340,-63.58022391330
222,453994.71000000000,4942224.87000000000,Acer pensylvanicum*,Striped/Snake-Bark Maple,4,Good - Ground Truthed,44.63190715080,-63.58000838850
223,453997.19000000000,4942232.26000000000,Fraxinus excelsior,Ash,48,Good - Ground Truthed,44.63197383480,-63.57997778620
224,454003.13000000000,4942231.93000000000,Asimina trilobata*,Pawpaw,18,Good - Ground Truthed,44.63197124430,-63.57990287230
225,454005.83000000000,4942232.89000000000,Cornus alternifolia*,Alternate-leaved Dogwood,35,Good - Ground Truthed,44.63198005910,-63.57986892000
226,454008.41000000000,4942233.80000000000,Magnolia brooklynensis,var. Yellow Bird,69,Good - Ground Truthed,44.63198841610,-63.57983647600
227,453964.82000000000,4942205.83000000000,Fraxinus excelsior,Ash,48,Good - Ground Truthed,44.63173383760,-63.58038349700
228,453964.96000000000,4942205.97000000000,Crataegus monogyna,Hawthorn,42,Good - Ground Truthed,44.63173510680,-63.58038174460
229,453966.41000000000,4942207.96000000000,Fraxinus excelsior,Ash,48,Good - Ground Truthed,44.63175311380,-63.58036364340
230,453971.32000000000,4942209.97000000000,Fraxinus excelsior,Ash,48,Good - Ground Truthed,44.63177152240,-63.58030192450
231,453970.55000000000,4942210.04000000000,Fraxinus excelsior,Ash,48,Good - Ground Truthed,44.63177210320,-63.58031163800
232,453973.35000000000,4942210.73000000000,Crataegus monogyna,Hawthorn,42,Good - Ground Truthed,44.63177849400,-63.58027640100
233,453978.17000000000,4942214.19000000000,Crataegus monogyna,Hawthorn,42,Good - Ground Truthed,44.63180994980,-63.58021594680
234,453982.56000000000,4942213.23000000000,Crataegus monogyna,Hawthorn,42,Good - Ground Truthed,44.63180158900,-63.58016051700
235,454021.57000000000,4942243.64000000000,Malus sp.,Flowering Crab 'Profusion',79,Good - Ground Truthed,44.63207783850,-63.57967145220
236,454020.99000000000,4942247.43000000000,Amelanchier laevis*,Serviceberry or Juneberry,16,Good - Ground Truthed,44.63211191910,-63.57967910380
237,454019.64000000000,4942251.96000000000,Malus sp.,Flowering Crab 'Profusion',79,Good - Ground Truthed,44.63215261200,-63.57969652900
238,454017.70000000000,4942258.35000000000,Malus sp.,Flowering Crab 'Thunder Child',80,Good - Ground Truthed,44.63221001100,-63.57972155890
239,454016.61000000000,4942263.42000000000,Malus sp.,Flowering Crab 'Makamik',78,Good - Ground Truthed,44.63225558160,-63.57973575480
240,454009.05000000000,4942264.30000000000,Malus sp.,Flowering Crab 'Profusion',79,Good - Ground Truthed,44.63226301950,-63.57983114150
241,454007.55000000000,4942289.36000000000,Ulmus glabra,Elm,121,Good - Ground Truthed,44.63248851480,-63.57985229810
242,454000.22000000000,4942289.45000000000,Ulmus glabra,Elm,121,Good - Ground Truthed,44.63248885580,-63.57994471490
243,453987.15000000000,4942288.59000000000,Ulmus glabra,Elm,121,Good - Ground Truthed,44.63248027720,-63.58010941010
244,453982.91000000000,4942299.09000000000,Ulmus glabra,Elm,121,Good - Ground Truthed,44.63257452720,-63.58016380510
245,453993.15000000000,4942298.31000000000,Ulmus glabra,Elm,121,Good - Ground Truthed,44.63256816130,-63.58003464020
246,454009.01000000000,4942302.95000000000,Ulmus glabra,Elm,121,Good - Ground Truthed,44.63261094610,-63.57983511020
247,454021.09000000000,4942308.63000000000,Ulmus glabra,Elm,121,Good - Ground Truthed,44.63266285080,-63.57968332740
248,454035.82000000000,4942307.10000000000,Ulmus glabra,Elm,121,Good - Ground Truthed,44.63265002010,-63.57949749000
249,454037.24000000000,4942307.67000000000,Ulmus glabra,Elm,121,Good - Ground Truthed,44.63265524210,-63.57947963920
250,454036.87000000000,4942309.48000000000,Ulmus glabra,Elm,121,Good - Ground Truthed,44.63267151210,-63.57948446590
251,454043.80000000000,4942313.71000000000,Ulmus glabra,Elm,121,Good - Ground Truthed,44.63271003410,-63.57939747860
252,454046.45000000000,4942313.59000000000,Ulmus glabra,Elm,121,Good - Ground Truthed,44.63270912330,-63.57936405940
253,454049.02000000000,4942313.50000000000,Ulmus glabra,Elm,121,Good - Ground Truthed,44.63270847750,-63.57933165150
254,454051.75000000000,4942300.61000000000,Quercus robur,English Oak,102,Check position,44.63259261570,-63.57929608010
255,454095.07000000000,4942314.00000000000,Ulmus glabra,Elm,121,Good - Ground Truthed,44.63271592190,-63.57875114570
256,454122.68000000000,4942309.79000000000,Aesculus hippocastanum,Horse-Chestnut,14,Good - Ground Truthed,44.63267978670,-63.57840269100
257,454124.85000000000,4942310.14000000000,Aesculus hippocastanum,Horse-Chestnut,14,Good - Ground Truthed,44.63268307600,-63.57837536520
258,454127.16000000000,4942316.26000000000,Ulmus glabra,Elm,121,Good - Ground Truthed,44.63273831600,-63.57834679030
259,454127.79000000000,4942305.53000000000,Ulmus glabra,Elm,121,Good - Ground Truthed,44.63264176420,-63.57833788860
260,454125.27000000000,4942299.78000000000,Ulmus glabra,Elm,121,Good - Ground Truthed,44.63258984150,-63.57836914400
261,454075.03000000000,4942235.38000000000,Ulmus glabra,Elm,121,Good - Ground Truthed,44.63200690030,-63.57899675220
262,454079.31000000000,4942236.56000000000,Crataegus monogyna,Hawthorn,42,Good - Ground Truthed,44.63201779630,-63.57894290060
263,454084.05000000000,4942238.77000000000,Ulmus glabra,Elm,121,Good - Ground Truthed,44.63203799370,-63.57888334210
264,454091.21000000000,4942240.27000000000,Ulmus glabra,Elm,121,Check position,44.63205195430,-63.57879321150
265,454095.41000000000,4942241.82000000000,Ulmus glabra,Elm,121,Good - Ground Truthed,44.63206617580,-63.57874040160
266,454103.55000000000,4942244.11000000000,Ulmus glabra,Elm,121,Good - Ground Truthed,44.63208731040,-63.57863798690
267,454117.87000000000,4942249.22000000000,Ulmus glabra,? American Elm,120,Good - Ground Truthed,44.63213422540,-63.57845791410
268,454141.04000000000,4942232.04000000000,Acer saccharum*,Sugar Maple,11,Good - Ground Truthed,44.63198104930,-63.57816427810
269,454144.83000000000,4942217.60000000000,Acer platanoides,Norway Maple,5,Good - Ground Truthed,44.63185130160,-63.57811520790
270,454143.01000000000,4942213.74000000000,Salix sp.,Willow,108,Good - Ground Truthed,44.63181643750,-63.57813780720
271,454146.51000000000,4942208.58000000000,Fraxinus excelsior,Ash,48,Good - Ground Truthed,44.63177021030,-63.57809322240
272,454148.13000000000,4942199.26000000000,Fraxinus excelsior,Ash,48,Good - Ground Truthed,44.63168641450,-63.57807196660
273,454148.81000000000,4942196.59000000000,Fraxinus excelsior,Ash,48,Good - Ground Truthed,44.63166242250,-63.57806315540
274,454151.12000000000,4942188.04000000000,Crataegus monogyna,Hawthorn,42,Good - Ground Truthed,44.63158560230,-63.57803326990
275,454151.67000000000,4942185.81000000000,Fraxinus excelsior,Ash,48,Good - Ground Truthed,44.63156556280,-63.57802613690
276,454152.45000000000,4942183.23000000000,Ulmus glabra,Elm,121,Good - Ground Truthed,44.63154238730,-63.57801607310
277,454152.37000000000,4942179.52000000000,Fraxinus excelsior,Ash,48,Good - Ground Truthed,44.63150898460,-63.57801675020
278,454153.10000000000,4942166.26000000000,Acer rubrum,Red Maple,8,Good - Ground Truthed,44.63138966400,-63.57800636250
279,454153.68000000000,4942162.15000000000,Fraxinus excelsior,Ash,48,Good - Ground Truthed,44.63135270250,-63.57799868340
280,454154.43000000000,4942158.50000000000,Sorbus aucuparia,Mountain Ash,110,Good - Ground Truthed,44.63131989290,-63.57798890230
281,454155.04000000000,4942154.70000000000,Fraxinus ?,Ash,47,Good - Ground Truthed,44.63128572400,-63.57798087270
282,454156.00000000000,4942147.87000000000,Juglans ?,Walnut,57,Good - Ground Truthed,44.63122430130,-63.57796816010
283,454161.23000000000,4942134.81000000000,Fraxinus excelsior,Ash,48,Good - Ground Truthed,44.63110706810,-63.57790106060
284,454161.63000000000,4942132.59000000000,Fraxinus excelsior,Ash,48,Good - Ground Truthed,44.63108710910,-63.57789581970
285,454162.67000000000,4942130.07000000000,Fraxinus excelsior,Ash,48,Good - Ground Truthed,44.63106449020,-63.57788248370
286,454156.63000000000,4942111.20000000000,Aesculus glabra,Ohio Buckeye,13,Good - Ground Truthed,44.63089423620,-63.57795694170
287,454160.34000000000,4942112.05000000000,Quercus robur,English Oak,102,Good - Ground Truthed,44.63090212460,-63.57791024730
288,454165.41000000000,4942113.04000000000,Fraxinus excelsior,Ash,48,Good - Ground Truthed,44.63091136000,-63.57784642040
289,454164.53000000000,4942115.91000000000,Betula papyrifera,White Birch,22,Good - Ground Truthed,44.63093713980,-63.57785777050
290,454160.12000000000,4942120.46000000000,Sorbus intermedia,Swedish Whitebeam,112,Good - Ground Truthed,44.63097781780,-63.57791377200
291,454164.02000000000,4942121.61000000000,Fraxinus excelsior,Ash,48,Good - Ground Truthed,44.63098841900,-63.57786470910
292,454169.65000000000,4942091.24000000000,Fraxinus excelsior,Ash,48,Good - Ground Truthed,44.63071538570,-63.57779102140
293,454170.19000000000,4942088.41000000000,Sorbus aucuparia,Mountain Ash,110,Good - Ground Truthed,44.63068994440,-63.57778396110
294,454167.00000000000,4942081.52000000000,Alnus rugosa,Speckled Alder,15,Good - Ground Truthed,44.63062771680,-63.57782356050
295,454162.16000000000,4942082.62000000000,Tsuga canadensis ?,Eastern Hemlock,118,Good - Ground Truthed,44.63063731030,-63.57788467430
296,454154.07000000000,4942076.11000000000,Malus sp.,Flowering Crab,77,Good - Ground Truthed,44.63057819080,-63.57798607940
297,454139.03000000000,4942247.09000000000,Fraxinus excelsior,Ash,48,Good - Ground Truthed,44.63211640190,-63.57819096300
298,454132.04000000000,4942255.78000000000,Quercus rubra,Red Oak,103,Good - Ground Truthed,44.63219418350,-63.57827986160
299,454129.70000000000,4942253.86000000000,Acer platanoides,Norway Maple,5,Good - Ground Truthed,44.63217675020,-63.57830919000
300,454131.50000000000,4942257.07000000000,Ulmus glabra,Elm,121,Good - Ground Truthed,44.63220576170,-63.57828678460
301,454132.71000000000,4942263.35000000000,Ulmus glabra,Elm,121,Good - Ground Truthed,44.63226237180,-63.57827209170
302,454131.49000000000,4942269.24000000000,Acer platanoides,Norway Maple,5,Good - Ground Truthed,44.63231531600,-63.57828799870
303,454131.28000000000,4942272.73000000000,Aesculus hippocastanum,Horse-Chestnut,14,Good - Ground Truthed,44.63234671980,-63.57829095810
304,454132.29000000000,4942278.94000000000,Ulmus glabra,Elm,121,Good - Ground Truthed,44.63240268700,-63.57827878030
305,454131.59000000000,4942281.09000000000,Ulmus glabra,Elm,121,Good - Ground Truthed,44.63242199670,-63.57828779730
306,454126.90000000000,4942284.23000000000,Ulmus glabra,Elm,121,Good - Ground Truthed,44.63244996370,-63.57834720440
307,454129.62000000000,4942310.85000000000,Tilia cordata,Basswood,116,Good - Ground Truthed,44.63268977190,-63.57831529350
308,454123.01000000000,4942331.70000000000,Acer platanoides ?,Norway Maple,7,Good - Ground Truthed,44.63287704270,-63.57840048980
309,454126.02000000000,4942336.06000000000,Acer rubrum ?,Red Maple,9,Good - Ground Truthed,44.63291648380,-63.57836293260
310,454129.72000000000,4942342.91000000000,Acer platanoides,Norway Maple,5,Good - Ground Truthed,44.63297838400,-63.57831689910
311,454124.44000000000,4942337.14000000000,Ulmus glabra,Elm,121,Good - Ground Truthed,44.63292610510,-63.57838294820
312,454130.30000000000,4942349.18000000000,Ulmus glabra,Elm,121,Good - Ground Truthed,44.63303486390,-63.57831014760
313,454131.19000000000,4942356.96000000000,Ulmus glabra,Elm,121,Good - Ground Truthed,44.63310495660,-63.57829962290
314,454131.05000000000,4942366.02000000000,Ulmus glabra,Elm,121,Good - Ground Truthed,44.63318650630,-63.57830219780
315,454131.03000000000,4942370.28000000000,Ulmus glabra,Elm,121,Good - Ground Truthed,44.63322485370,-63.57830283080
316,454127.86000000000,4942370.38000000000,Ulmus glabra,Elm,121,Good - Ground Truthed,44.63322555150,-63.57834280420
317,454104.86000000000,4942377.76000000000,Robinia pseudoacacia,Black Locust,107,Good - Ground Truthed,44.63329051790,-63.57863342700
318,454082.57000000000,4942407.04000000000,Ulmus glabra,Elm,121,Good - Ground Truthed,44.63355267380,-63.57891705950
319,454002.90000000000,4942326.97000000000,Ulmus americana,American Elm,119,Good - Ground Truthed,44.63282678420,-63.57991429200
320,454118.34000000000,4942393.21000000000,Robinia pseudoacacia,Black Locust,107,Good - Ground Truthed,44.63343046050,-63.57846486520
321,454135.03000000000,4942390.49000000000,Ulmus glabra,Elm,121,Good - Ground Truthed,44.63340704040,-63.57825420920
322,454138.58000000000,4942391.82000000000,Ulmus glabra,Elm,121,Good - Ground Truthed,44.63341923980,-63.57820957280
323,454134.15000000000,4942414.37000000000,Ulmus glabra,Elm,121,Good - Ground Truthed,44.63362195320,-63.57826743830
324,454130.01000000000,4942413.09000000000,Ulmus glabra,Elm,121,Good - Ground Truthed,44.63361016630,-63.57831951750
325,454128.10000000000,4942415.03000000000,Ulmus glabra,Elm,121,Good - Ground Truthed,44.63362750830,-63.57834377060
326,454122.28000000000,4942415.38000000000,Ulmus glabra,Elm,121,Good - Ground Truthed,44.63363028740,-63.57841717560
327,454117.96000000000,4942411.52000000000,Robinia pseudoacacia,Black Locust,107,Good - Ground Truthed,44.63359526370,-63.57847129330
328,454114.56000000000,4942405.67000000000,Ulmus glabra,Elm,121,Good - Ground Truthed,44.63354238460,-63.57851363440
329,454108.18000000000,4942412.41000000000,Ulmus glabra,Elm,121,Good - Ground Truthed,44.63360265090,-63.57859467090
330,454102.94000000000,4942413.42000000000,Ulmus glabra,Elm,121,Good - Ground Truthed,44.63361140830,-63.57866082270
331,454072.10000000000,4942404.90000000000,Ulmus glabra,Elm,121,Good - Ground Truthed,44.63353274020,-63.57904886470
332,454066.98000000000,4942402.56000000000,Ulmus glabra,Elm,121,Good - Ground Truthed,44.63351134810,-63.57911320370
333,454065.47000000000,4942394.90000000000,Ulmus glabra,Elm,121,Good - Ground Truthed,44.63344229590,-63.57913155470
334,454059.27000000000,4942392.52000000000,Ulmus glabra,Elm,121,Good - Ground Truthed,44.63342047470,-63.57920950570
335,454051.52000000000,4942389.35000000000,Ulmus glabra,Elm,121,Good - Ground Truthed,44.63339144260,-63.57930692700
336,454047.07000000000,4942388.74000000000,Ulmus glabra,Elm,121,Good - Ground Truthed,44.63338566680,-63.57936297390
337,454038.66000000000,4942386.03000000000,Ulmus glabra,Elm,121,Good - Ground Truthed,44.63336073330,-63.57946875690
338,454037.82000000000,4942390.52000000000,Acer platanoides,Norway Maple,5,Good - Ground Truthed,44.63340109880,-63.57947974910
339,454035.62000000000,4942392.96000000000,Ulmus glabra,Elm,121,Good - Ground Truthed,44.63342292300,-63.57950770340
340,454014.60000000000,4942380.72000000000,Ulmus glabra,Elm,121,Good - Ground Truthed,44.63331139300,-63.57977160780
341,454008.27000000000,4942373.35000000000,Fraxinus excelsior,Ash,48,Good - Ground Truthed,44.63324464280,-63.57985075000
342,454004.76000000000,4942378.68000000000,Acer platanoides,Norway Maple,5,Good - Ground Truthed,44.63329239900,-63.57989547870
343,453994.90000000000,4942366.57000000000,Tilia cordata,Basswood,116,Check position,44.63318275300,-63.58001869870
344,453990.47000000000,4942369.78000000000,Malus sp.,Flowering Crab,77,Check position,44.63321136590,-63.58007483580
345,453981.70000000000,4942373.15000000000,Acer platanoides,Norway Maple,5,Good - Ground Truthed,44.63324114120,-63.58018570200
346,453967.51000000000,4942363.04000000000,Juniperus virginiana ?,Juniper,62,Good - Ground Truthed,44.63314922160,-63.58036368930
347,454175.28000000000,4942077.16000000000,Fraxinus excelsior,Ash,48,Good - Ground Truthed,44.63058899590,-63.57771878930
348,454175.74000000000,4942063.09000000000,Acer platanoides,Norway Maple,5,Good - Ground Truthed,44.63046236630,-63.57771173380
349,454177.74000000000,4942053.41000000000,Acer platanoides,Norway Maple,5,Good - Ground Truthed,44.63037535400,-63.57768565640
350,454179.36000000000,4942045.00000000000,Fraxinus excelsior,Ash,48,Good - Ground Truthed,44.63029975000,-63.57766448300
351,454180.57000000000,4942039.29000000000,Fraxinus excelsior,Ash,48,Good - Ground Truthed,44.63024842540,-63.57764871930
352,454181.49000000000,4942034.21000000000,Ulmus glabra,Elm,121,Good - Ground Truthed,44.63020275360,-63.57763666780
353,454181.98000000000,4942031.96000000000,Ulmus glabra,Elm,121,Good - Ground Truthed,44.63018253030,-63.57763028980
354,454182.66000000000,4942027.65000000000,Fraxinus excelsior,Ash,48,Good - Ground Truthed,44.63014377480,-63.57762133260
355,454182.38000000000,4942024.05000000000,Fraxinus excelsior,Ash,48,Good - Ground Truthed,44.63011134950,-63.57762454090
356,454180.12000000000,4942023.97000000000,Amelanchier laevis*,Serviceberry or Juneberry,16,Good - Ground Truthed,44.63011048520,-63.57765302430
357,454177.73000000000,4942023.46000000000,Amelanchier laevis*,Serviceberry or Juneberry,16,Good - Ground Truthed,44.63010574180,-63.57768310800
358,454172.97000000000,4942022.72000000000,Acer platanoides,Norway Maple,5,Good - Ground Truthed,44.63009877670,-63.57774304840
359,454164.21000000000,4942023.77000000000,Sorbus aucuparia,Mountain Ash,110,Good - Ground Truthed,44.63010767020,-63.57785357420
360,454160.21000000000,4942025.15000000000,Betula papyrifera,White Birch,22,Good - Ground Truthed,44.63011983790,-63.57790412310
361,454155.74000000000,4942022.32000000000,Betula papyrifera,White Birch,22,Good - Ground Truthed,44.63009407690,-63.57796022090
362,454155.67000000000,4942020.76000000000,Betula papyrifera,White Birch,22,Good - Ground Truthed,44.63008002930,-63.57796096400
363,454148.61000000000,4942021.02000000000,Amelanchier laevis*,Serviceberry or Juneberry,16,Good - Ground Truthed,44.63008191940,-63.57804998830
364,454144.97000000000,4942020.91000000000,Acer rubrum,Red Maple,8,Good - Ground Truthed,44.63008069690,-63.57809586580
365,454142.43000000000,4942022.00000000000,Acer rubrum,Red Maple,8,Good - Ground Truthed,44.63009034700,-63.57812798340
366,454141.55000000000,4942025.55000000000,Quercus robur,English Oak,102,Good - Ground Truthed,44.63012224810,-63.57813939430
367,454141.72000000000,4942020.28000000000,Acer rubrum,Red Maple,8,Good - Ground Truthed,44.63007481820,-63.57813678030
368,454137.92000000000,4942024.01000000000,Betula alleghaniensis*,Yellow Birch,19,Good - Ground Truthed,44.63010815330,-63.57818501790
369,454134.21000000000,4942023.98000000000,Betula papyrifera,White Birch,22,Good - Ground Truthed,44.63010764650,-63.57823178500
370,454134.35000000000,4942018.40000000000,Acer rubrum,Red Maple,8,Good - Ground Truthed,44.63005742400,-63.57822952130
371,454132.33000000000,4942024.41000000000,Acer rubrum,Red Maple,8,Good - Ground Truthed,44.63011139740,-63.57825552340
372,454131.54000000000,4942024.92000000000,Amelanchier laevis*,Serviceberry or Juneberry,16,Good - Ground Truthed,44.63011593800,-63.57826552810
373,454130.62000000000,4942022.98000000000,Betula papyrifera,White Birch,22,Good - Ground Truthed,44.63009841530,-63.57827695250
374,454131.22000000000,4942017.39000000000,Acer rubrum,Red Maple,8,Good - Ground Truthed,44.63004813210,-63.57826888900
375,454128.99000000000,4942021.32000000000,Acer rubrum,Red Maple,8,Good - Ground Truthed,44.63008336780,-63.57829735260
376,454130.06000000000,4942016.77000000000,Acer rubrum,Red Maple,8,Good - Ground Truthed,44.63004247680,-63.57828345700
377,454126.11000000000,4942022.73000000000,Betula alleghaniensis*,Yellow Birch,19,Good - Ground Truthed,44.63009587690,-63.57833378500
378,454115.83000000000,4942019.87000000000,Amelanchier laevis*,Serviceberry or Juneberry,16,Good - Ground Truthed,44.63006947470,-63.57846312310
379,454114.01000000000,4942019.50000000000,Betula papyrifera,White Birch,22,Good - Ground Truthed,44.63006602770,-63.57848603360
380,454108.79000000000,4942028.31000000000,Fraxinus excelsior,Ash,48,Good - Ground Truthed,44.63014500250,-63.57855262680
381,454109.36000000000,4942020.34000000000,Betula papyrifera,White Birch,22,Good - Ground Truthed,44.63007329250,-63.57854472840
382,454109.78000000000,4942014.60000000000,Ulmus glabra,Elm,121,Good - Ground Truthed,44.63002164750,-63.57853892040
383,454102.54000000000,4942015.52000000000,Acer rubrum,Red Maple,8,Good - Ground Truthed,44.63002946700,-63.57863027290
384,454103.00000000000,4942018.43000000000,Betula papyrifera,White Birch,22,Good - Ground Truthed,44.63005569240,-63.57862473420
385,454104.20000000000,4942023.41000000000,Betula papyrifera,White Birch,22,Good - Ground Truthed,44.63010059930,-63.57861005200
386,454103.26000000000,4942025.86000000000,Acer rubrum,Red Maple,8,Good - Ground Truthed,44.63012259420,-63.57862212110
387,454099.13000000000,4942026.50000000000,Acer rubrum,Red Maple,8,Good - Ground Truthed,44.63012809180,-63.57867424280
388,454096.02000000000,4942027.06000000000,Betula papyrifera,White Birch,22,Good - Ground Truthed,44.63013293430,-63.57871349880
389,454098.31000000000,4942027.75000000000,Betula alleghaniensis*,Yellow Birch,19,Good - Ground Truthed,44.63013929200,-63.57868469190
390,454097.12000000000,4942026.12000000000,Betula papyrifera,White Birch,22,Good - Ground Truthed,44.63012454260,-63.57869954770
391,454098.21000000000,4942015.21000000000,Betula alleghaniensis*,Yellow Birch,19,Good - Ground Truthed,44.63002639980,-63.57868483080
392,454098.39000000000,4942012.87000000000,Ulmus glabra,Elm,121,Good - Ground Truthed,44.63000534650,-63.57868235230
393,454095.43000000000,4942014.98000000000,Acer rubrum,Red Maple,8,Good - Ground Truthed,44.63002415180,-63.57871985600
394,454093.37000000000,4942018.92000000000,Acer rubrum,Red Maple,8,Good - Ground Truthed,44.63005948830,-63.57874617760
395,454090.73000000000,4942018.43000000000,Ulmus glabra,Elm,121,Good - Ground Truthed,44.63005490860,-63.57877941460
396,454089.19000000000,4942014.83000000000,Ulmus glabra,Elm,121,Good - Ground Truthed,44.63002240280,-63.57879850630
397,454084.11000000000,4942021.03000000000,Sorbus aucuparia,Mountain Ash,110,Good - Ground Truthed,44.63007789100,-63.57886310150
398,454084.29000000000,4942022.61000000000,Betula papyrifera,White Birch,22,Good - Ground Truthed,44.63009212570,-63.57886097370
399,454080.60000000000,4942023.01000000000,Quercus rubra,Red Oak,103,Good - Ground Truthed,44.63009549080,-63.57890752710
400,454076.86000000000,4942019.63000000000,Acer rubrum,Red Maple,8,Good - Ground Truthed,44.63006482480,-63.57895437260
401,454077.48000000000,4942022.28000000000,Betula papyrifera,White Birch,22,Good - Ground Truthed,44.63008871990,-63.57894679380
402,454073.37000000000,4942018.07000000000,Ulmus glabra,Elm,121,Good - Ground Truthed,44.63005055860,-63.57899822920
403,454077.62000000000,4942010.98000000000,Ulmus glabra,Elm,121,Good - Ground Truthed,44.62998700560,-63.57894401760
404,454074.96000000000,4942011.48000000000,Acer platanoides,Norway Maple,5,Good - Ground Truthed,44.62999133670,-63.57897759530
405,454075.41000000000,4942010.16000000000,Ulmus glabra,Elm,121,Good - Ground Truthed,44.62997948270,-63.57897180430
406,454069.18000000000,4942007.86000000000,Acer platanoides,Norway Maple,5,Good - Ground Truthed,44.62995837980,-63.57905013610
407,454061.65000000000,4942007.83000000000,Tilia cordata,Basswood,116,Good - Ground Truthed,44.62995762840,-63.57914505930
408,454054.80000000000,4942009.39000000000,Ulmus glabra,Elm,121,Good - Ground Truthed,44.62997123370,-63.57923155260
409,454052.84000000000,4942012.42000000000,Acer platanoides,Norway Maple,5,Good - Ground Truthed,44.62999838460,-63.57925653240
410,454054.07000000000,4942018.72000000000,Ulmus glabra,Elm,121,Good - Ground Truthed,44.63005517620,-63.57924159060
411,454048.16000000000,4942018.57000000000,Ulmus glabra,Elm,121,Good - Ground Truthed,44.63005344800,-63.57931608100
412,454046.80000000000,4942012.42000000000,Acer rubrum,Red Maple,8,Good - Ground Truthed,44.62999799840,-63.57933267490
413,454045.10000000000,4942013.02000000000,Amelanchier laevis*,Serviceberry or Juneberry,16,Good - Ground Truthed,44.63000329090,-63.57935415950
414,454047.28000000000,4942005.64000000000,Quercus robur,English Oak,102,Good - Ground Truthed,44.62993699520,-63.57932601670
415,454036.90000000000,4942007.52000000000,Quercus rubra,Red Oak,103,Good - Ground Truthed,44.62995325520,-63.57945703910
416,454036.23000000000,4942012.13000000000,Amelanchier laevis*,Serviceberry or Juneberry,16,Good - Ground Truthed,44.62999471180,-63.57946589830
417,454035.54000000000,4942017.24000000000,Quercus rubra,Red Oak,103,Good - Ground Truthed,44.63004066810,-63.57947505440
418,454035.16000000000,4942023.85000000000,Quercus rubra,Red Oak,103,Good - Ground Truthed,44.63010014740,-63.57948043690
419,454028.74000000000,4942020.74000000000,Tsuga canadensis ?,Eastern Hemlock,118,Good - Ground Truthed,44.63007174030,-63.57956109130
420,454018.69000000000,4942005.98000000000,Quercus rubra,Red Oak,103,Good - Ground Truthed,44.62993822710,-63.57968646290
421,454011.06000000000,4942007.40000000000,Acer rubrum,Red Maple,8,Check if still extant,44.62995052170,-63.57978277670
422,454010.25000000000,4942012.08000000000,Betula papyrifera,White Birch,22,Check if still extant,44.62999259950,-63.57979340730
423,454007.88000000000,4942014.56000000000,Betula papyrifera,White Birch,22,Check if still extant,44.63001477290,-63.57982350670
424,454002.29000000000,4942018.22000000000,Betula papyrifera,White Birch,22,Check if still extant,44.63004736260,-63.57989430440
425,453999.40000000000,4942022.42000000000,Quercus rubra,Red Oak,103,Check if still extant,44.63008498620,-63.57993111330
426,454000.31000000000,4942030.16000000000,Acer rubrum,Red Maple,8,Check if still extant,44.63015472040,-63.57992033540
427,453995.55000000000,4942027.18000000000,Quercus rubra,Red Oak,103,Check if still extant,44.63012758950,-63.57998007470
428,453996.49000000000,4942019.96000000000,Quercus rubra,Red Oak,103,Check if still extant,44.63006265490,-63.57996757740
429,453997.64000000000,4942014.18000000000,Acer rubrum,Red Maple,8,Check if still extant,44.63001069670,-63.57995256190
430,453998.06000000000,4942005.21000000000,Quercus rubra,Red Oak,103,Check if still extant,44.62992997520,-63.57994646310
431,453991.62000000000,4942003.84000000000,Quercus rubra,Red Oak,103,Check if still extant,44.62991723010,-63.58002752520
432,453979.68000000000,4942001.20000000000,Quercus rubra,Red Oak,103,Check if still extant,44.62989270010,-63.58017780830
433,453983.42000000000,4942007.16000000000,Aesculus carnea var. Briottii,Red Horse-chestnut,12,Check if still extant,44.62994659180,-63.58013119500
434,453973.06000000000,4942018.39000000000,Liriodendron tulipifera,Tulip Tree,66,Check if still extant,44.63004702140,-63.58026280420
435,453986.28000000000,4942030.89000000000,Laburnum watereri,Golden Chain Tree,63,Check if still extant,44.63016039360,-63.58009726870
436,453965.71000000000,4942032.12000000000,Quercus rubra,Red Oak,103,Check if still extant,44.63017014870,-63.58035669280
437,453961.25000000000,4942041.88000000000,Carpinus caroliniana,Hornbeam,25,Check if still extant,44.63025772300,-63.58041379300
438,453954.84000000000,4942039.17000000000,Pyrus calleryana,Callery Pear,101,Check if still extant,44.63023291670,-63.58049435700
439,453944.25000000000,4942034.96000000000,Sorbus aucuparia,Mountain Ash,110,Check if still extant,44.63019433950,-63.58062748120
440,453959.61000000000,4942024.39000000000,Quercus rubra,Red Oak,103,Check if still extant,44.63010017210,-63.58043289830
441,453969.57000000000,4942008.68000000000,Quercus rubra,Red Oak,103,Check if still extant,44.62995938790,-63.58030592940
442,453962.62000000000,4942006.45000000000,Quercus rubra,Red Oak,103,Check if still extant,44.62993886810,-63.58039334360
443,453960.50000000000,4941997.54000000000,Quercus rubra,Red Oak,103,Check if still extant,44.62985852400,-63.58041926970
444,453953.82000000000,4941993.96000000000,Quercus rubra,Red Oak,103,Check if still extant,44.62982586870,-63.58050315880
445,453954.07000000000,4941984.50000000000,Pinus strobus,White Pine,94,Check if still extant,44.62974072530,-63.58049915830
446,453950.70000000000,4941986.51000000000,Picea rubra?,Red Spruce,90,Check if still extant,44.62975860350,-63.58054182200
447,453944.86000000000,4941989.49000000000,Picea rubra?,Red Spruce,90,Check if still extant,44.62978505530,-63.58061571030
448,453940.64000000000,4942000.33000000000,Quercus rubra,Red Oak,103,Check if still extant,44.62988236710,-63.58066988200
449,453938.72000000000,4942002.64000000000,Acer platanoides,Norway Maple,5,Check if still extant,44.62990303880,-63.58069429350
450,453940.31000000000,4942036.94000000000,Acer platanoides,Norway Maple,5,Check if still extant,44.63021191100,-63.58067732820
451,453933.42000000000,4942037.27000000000,Pinus strobus,White Pine,94,Check if still extant,44.63021444000,-63.58076421600
452,453932.83000000000,4942035.45000000000,Tilia cordata,Basswood,116,Check if still extant,44.63019801850,-63.58077149040
453,453933.76000000000,4942029.33000000000,Acer rubrum,Red Maple,8,Check if still extant,44.63014298550,-63.58075921700
454,453928.83000000000,4942028.47000000000,Pinus strobus,White Pine,94,Check if still extant,44.63013492770,-63.58082128940
455,453924.63000000000,4942031.11000000000,Quercus rubra,Red Oak,103,Check if still extant,44.63015842380,-63.58087447330
456,453922.29000000000,4942043.43000000000,Pinus strobus,White Pine,94,Check if still extant,44.63026917900,-63.58090507850
457,453920.10000000000,4942040.22000000000,Pinus strobus,White Pine,94,Check if still extant,44.63024014200,-63.58093239840
458,453917.13000000000,4942035.64000000000,Pinus strobus,White Pine,94,Check if still extant,44.63019872220,-63.58096942810
459,453910.66000000000,4942029.51000000000,Acer palmatum,Japanese Maple,1,Check if still extant,44.63014312470,-63.58105044100
460,453915.48000000000,4942027.75000000000,Amelanchier laevis*,Serviceberry or Juneberry,16,Check if still extant,44.63012759020,-63.58098952010
461,453922.29000000000,4942029.56000000000,Pinus strobus,White Pine,94,Check if still extant,44.63014432060,-63.58090383310
462,453916.52000000000,4942027.69000000000,Tsuga canadensis ?,Eastern Hemlock,118,Check if still extant,44.63012711680,-63.58097640410
463,453917.58000000000,4942022.49000000000,Tilia cordata,Basswood,116,Check if still extant,44.63008037410,-63.58096257430
464,453922.66000000000,4941996.12000000000,Quercus rubra,Red Oak,103,Check if still extant,44.62984331580,-63.58089616600
465,453926.26000000000,4941992.42000000000,Quercus rubra,Red Oak,103,Check if still extant,44.62981023910,-63.58085045100
466,453921.87000000000,4941988.68000000000,Quercus rubra,Red Oak,103,Check if still extant,44.62977628990,-63.58090545700
467,453930.50000000000,4941989.54000000000,Pinus strobus,White Pine,94,Check if still extant,44.62978458500,-63.58079674160
468,453927.71000000000,4941993.42000000000,Pinus strobus,White Pine,94,Check if still extant,44.62981933410,-63.58083226160
469,453928.28000000000,4941996.13000000000,Quercus rubra,Red Oak,103,Check if still extant,44.62984376620,-63.58082531930
470,453925.95000000000,4941989.26000000000,Acer rubrum,Red Maple,8,Check if still extant,44.62978177270,-63.58085407520
471,453924.19000000000,4941988.24000000000,Quercus rubra,Red Oak,103,Check if still extant,44.62977247780,-63.58087617080
472,453917.45000000000,4941992.23000000000,Tilia cordata,Basswood,116,Check if still extant,44.62980796380,-63.58096149570
473,453910.22000000000,4941993.74000000000,Tilia cordata,Basswood,116,Good - Ground Truthed,44.62982109320,-63.58105277510
474,453910.85000000000,4941989.10000000000,Quercus rubra,Red Oak,103,Good - Ground Truthed,44.62977936410,-63.58104441630
475,453904.44000000000,4941990.55000000000,Pinus sylvestris,Scotts Pine,95,Good - Ground Truthed,44.62979200590,-63.58112535310
476,453903.26000000000,4941993.20000000000,Pinus sylvestris,Scotts Pine,95,Good - Ground Truthed,44.62981578560,-63.58114046660
477,453901.07000000000,4941989.83000000000,Acer rubrum,Red Maple,8,Good - Ground Truthed,44.62978530830,-63.58116777170
478,453893.64000000000,4941988.75000000000,Tilia cordata,Basswood,116,Good - Ground Truthed,44.62977510940,-63.58126133970
479,453836.60000000000,4942034.22000000000,Quercus rubra,Red Oak,103,Good - Ground Truthed,44.63018077050,-63.58198449460
480,453844.02000000000,4942041.82000000000,Quercus rubra,Red Oak,103,Good - Ground Truthed,44.63024966270,-63.58189163870
481,453836.78000000000,4942045.25000000000,Quercus rubra,Red Oak,103,Good - Ground Truthed,44.63028007470,-63.58198321770
482,453834.81000000000,4942048.65000000000,Quercus rubra,Red Oak,103,Good - Ground Truthed,44.63031055510,-63.58200835830
483,453828.82000000000,4942051.80000000000,Quercus rubra,Red Oak,103,Good - Ground Truthed,44.63033852670,-63.58208415420
484,453833.95000000000,4942055.33000000000,Picea pungens,Blue Spruce,89,Good - Ground Truthed,44.63037063350,-63.58201980080
485,453826.30000000000,4942059.50000000000,Picea pungens,Blue Spruce,89,Good - Ground Truthed,44.63040768050,-63.58211661530
486,453824.27000000000,4942063.37000000000,Quercus rubra,Red Oak,103,Good - Ground Truthed,44.63044238800,-63.58214255470
487,453826.35000000000,4942071.39000000000,Pinus sylvestris,Scotts Pine,95,Good - Ground Truthed,44.63051471810,-63.58211705490
488,453830.08000000000,4942071.38000000000,Quercus rubra,Red Oak,103,Good - Ground Truthed,44.63051486770,-63.58207003190
489,453838.25000000000,4942076.30000000000,Acer rubrum,Red Maple,8,Good - Ground Truthed,44.63055968260,-63.58196747950
490,453831.06000000000,4942080.28000000000,Tilia cordata,Basswood,116,Good - Ground Truthed,44.63059504890,-63.58205847830
491,453837.37000000000,4942078.93000000000,Tilia cordata,Basswood,116,Good - Ground Truthed,44.63058330150,-63.58197880980
492,453837.83000000000,4942065.91000000000,Acer palmatum,Japanese Maple,1,Good - Ground Truthed,44.63046612440,-63.58197183960
493,453839.56000000000,4942064.92000000000,Chamaecyparus sp.,Cypress,33,Good - Ground Truthed,44.63045732350,-63.58194994130
494,453842.07000000000,4942057.85000000000,Chamaecyparus sp.,Cypress,33,Good - Ground Truthed,44.63039384030,-63.58191766310
495,453849.04000000000,4942044.37000000000,Pinus strobus,White Pine,94,Good - Ground Truthed,44.63027294030,-63.58182858380
496,454076.29000000000,4942023.90000000000,Betula papyrifera,White Birch,22,Good - Ground Truthed,44.63010322720,-63.57896194030
497,454071.19000000000,4942017.13000000000,Ulmus glabra,Elm,121,Good - Ground Truthed,44.63004195730,-63.57902562700
498,0.00000000000,0.00000000000,,,0,,,
499,453914.21000000000,4942351.75000000000,,,0,Need species ID,44.63304417190,-63.58103463100
500,453905.71000000000,4942349.06000000000,,,0,Need species ID,44.63301941110,-63.58114154910
501,453896.86000000000,4942345.94000000000,,,0,Need species ID,44.63299075700,-63.58125284090
502,454024.22000000000,4942320.58000000000,,,0,Need species ID,44.63277062560,-63.57964493850
503,454021.71000000000,4942328.88000000000,,,0,Need species ID,44.63284518200,-63.57967732580
504,454019.55000000000,4942336.11000000000,,,0,Need species ID,44.63291012850,-63.57970520480
505,454016.80000000000,4942344.84000000000,,,0,Need species ID,44.63298854040,-63.57974065650
506,454012.68000000000,4942358.19000000000,,,0,Need species ID,44.63310845410,-63.57979379400
507,454010.51000000000,4942365.66000000000,,,0,Need species ID,44.63317556050,-63.57982182090
508,454011.81000000000,4942383.98000000000,,,0,Need species ID,44.63334056110,-63.57980707380
509,454060.92000000000,4942400.25000000000,,,0,Need species ID,44.63349016600,-63.57918939610
510,454103.68000000000,4942407.21000000000,,,0,Need species ID,44.63355555280,-63.57865093790
511,454098.77000000000,4942401.37000000000,,,0,Need species ID,44.63350266720,-63.57871231650
512,454099.17000000000,4942396.78000000000,,,0,Need species ID,44.63346137340,-63.57870686300
513,454104.06000000000,4942389.28000000000,,,0,Need species ID,44.63339417040,-63.57864454320
514,454107.01000000000,4942384.96000000000,,,0,Need species ID,44.63335547000,-63.57860696580
515,454114.40000000000,4942378.00000000000,,,0,Need species ID,44.63329328770,-63.57851317690
516,454122.56000000000,4942377.21000000000,,,0,Need species ID,44.63328669710,-63.57841023240
517,454134.13000000000,4942381.38000000000,,,0,Need species ID,44.63332497430,-63.57826474120
518,454128.64000000000,4942381.85000000000,,,0,Need species ID,44.63332885480,-63.57833399620
519,454123.99000000000,4942384.82000000000,,,0,Need species ID,44.63335529400,-63.57839288470
520,454139.63000000000,4942407.21000000000,,,0,Need species ID,44.63355784830,-63.57819771100
521,454138.46000000000,4942400.39000000000,,,0,Need species ID,44.63349637970,-63.57821185180
522,454135.34000000000,4942403.02000000000,,,0,Need species ID,44.63351985590,-63.57825142110
523,454121.60000000000,4942402.49000000000,,,0,Need species ID,44.63351420760,-63.57842459580
524,454083.58000000000,4942382.31000000000,,,0,Need species ID,44.63333011770,-63.57890211300
525,454085.68000000000,4942375.77000000000,,,0,Need species ID,44.63327137850,-63.57887505290
526,454086.48000000000,4942364.42000000000,,,0,Need species ID,44.63316925640,-63.57886395150
527,454086.10000000000,4942357.47000000000,,,0,Need species ID,44.63310666790,-63.57886812020
528,454082.58000000000,4942343.82000000000,,,0,Need species ID,44.63298356500,-63.57891127540
529,454083.21000000000,4942339.63000000000,,,0,Need species ID,44.63294588660,-63.57890295800
530,454113.70000000000,4942313.03000000000,,,0,Need species ID,44.63270837990,-63.57851619130
531,454118.24000000000,4942312.66000000000,,,0,Need species ID,44.63270533910,-63.57845892260
532,454068.63000000000,4942315.52000000000,,,0,Need species ID,44.63272791540,-63.57908460990
533,454063.90000000000,4942313.96000000000,,,0,Need species ID,44.63271356980,-63.57914410110
534,454060.05000000000,4942312.74000000000,,,0,Need species ID,44.63270234120,-63.57919252870
535,453916.71000000000,4942268.92000000000,,,0,Need species ID,44.63229869280,-63.58099567390
536,453918.16000000000,4942271.12000000000,,,0,Need species ID,44.63231859030,-63.58097759150
537,453915.95000000000,4942274.46000000000,,,0,Need species ID,44.63234851540,-63.58100575270
538,453914.66000000000,4942273.72000000000,,,0,Need species ID,44.63234177120,-63.58102194910
539,453912.04000000000,4942270.11000000000,,,0,Need species ID,44.63230910570,-63.58105465480
540,453910.25000000000,4942270.81000000000,,,0,Need species ID,44.63231529240,-63.58107728400
541,453909.98000000000,4942270.53000000000,,,0,Need species ID,44.63231275450,-63.58108066270
542,453909.09000000000,4942269.53000000000,,,0,Need species ID,44.63230369530,-63.58109179300
543,453918.25000000000,4942257.96000000000,,,0,Need species ID,44.63220012920,-63.58097527500
544,453923.98000000000,4942250.18000000000,,,0,Need species ID,44.63213046070,-63.58090233910
545,453919.01000000000,4942244.07000000000,,,0,Need species ID,44.63207513950,-63.58096444630
546,453934.51000000000,4942183.95000000000,,,0,Need species ID,44.63153493030,-63.58076364310
547,453934.26000000000,4942174.09000000000,,,0,Need species ID,44.63144615410,-63.58076590960
548,453922.87000000000,4942170.50000000000,,,0,Need species ID,44.63141310650,-63.58090917730
549,453919.10000000000,4942163.60000000000,,,0,Need species ID,44.63135075060,-63.58095608480
550,453914.60000000000,4942158.21000000000,,,0,Need species ID,44.63130194100,-63.58101233070
551,453914.30000000000,4942162.72000000000,,,0,Need species ID,44.63134252100,-63.58101651770
552,453911.39000000000,4942147.51000000000,,,0,Need species ID,44.63120541320,-63.58105183690
553,453907.30000000000,4942146.47000000000,,,0,Need species ID,44.63119578870,-63.58110330460
554,453900.79000000000,4942151.83000000000,,,0,Need species ID,44.63124362210,-63.58118585530
555,453891.35000000000,4942153.93000000000,,,0,Need species ID,44.63126192070,-63.58130505070
556,453886.47000000000,4942153.70000000000,,,0,Need species ID,44.63125953710,-63.58136655040
557,453885.86000000000,4942148.26000000000,,,0,Need species ID,44.63121052680,-63.58137375160
558,453933.27000000000,4942138.76000000000,,,0,Need species ID,44.63112804830,-63.58077521830
559,453928.49000000000,4942144.76000000000,,,0,Need species ID,44.63118175410,-63.58083601660
560,453932.67000000000,4942120.67000000000,,,0,Need species ID,44.63096516280,-63.58078115820
561,453944.03000000000,4942172.34000000000,,,0,Need species ID,44.63143102680,-63.58064258520
562,453945.18000000000,4942162.86000000000,,,0,Need species ID,44.63134576110,-63.58062723660
563,453946.22000000000,4942155.62000000000,,,0,Need species ID,44.63128065290,-63.58061347590
564,453949.78000000000,4942147.88000000000,,,0,Need species ID,44.63121120520,-63.58056790160
565,453957.40000000000,4942135.47000000000,,,0,Need species ID,44.63109997810,-63.58047072550
566,453960.96000000000,4942127.59000000000,,,0,Need species ID,44.63102927000,-63.58042513890
567,453963.07000000000,4942120.89000000000,,,0,Need species ID,44.63096909150,-63.58039793790
568,453854.94000000000,4942123.02000000000,,,0,Need species ID,44.63098133020,-63.58176127870
569,453839.97000000000,4942118.32000000000,,,0,Need species ID,44.63093805910,-63.58194957640
570,453841.47000000000,4942145.11000000000,,,0,Need species ID,44.63117932030,-63.58193307650
571,453835.21000000000,4942165.13000000000,,,0,Need species ID,44.63135913910,-63.58201379510
572,453829.07000000000,4942182.41000000000,,,0,Need species ID,44.63151430000,-63.58209275490
573,453821.08000000000,4942182.11000000000,,,0,Need species ID,44.63151108590,-63.58219345540
574,453840.83000000000,4942187.25000000000,,,0,Need species ID,44.63155862540,-63.58194493560
575,453795.87000000000,4942176.81000000000,,,0,Need species ID,44.63146175450,-63.58251079290
576,453800.27000000000,4942170.85000000000,,,0,Need species ID,44.63140838520,-63.58245478690
577,453806.88000000000,4942160.38000000000,,,0,Need species ID,44.63131455880,-63.58237051420
578,453811.48000000000,4942151.50000000000,,,0,Need species ID,44.63123491630,-63.58231172430
579,453813.75000000000,4942143.23000000000,,,0,Need species ID,44.63116061530,-63.58228236280
580,453815.14000000000,4942128.74000000000,,,0,Need species ID,44.63103026500,-63.58226353540
581,453816.00000000000,4942111.96000000000,,,0,Need species ID,44.63087926590,-63.58225118350
582,454106.22000000000,4942018.00000000000,,,0,Need species ID,44.63005202720,-63.57858410320
583,454101.31000000000,4942019.34000000000,,,0,Need species ID,44.63006377630,-63.57864612040
584,454073.45000000000,4942010.33000000000,,,0,Need species ID,44.62998088780,-63.57899652800
585,454071.73000000000,4942012.55000000000,,,0,Need species ID,44.63000076240,-63.57901840960
586,453952.15000000000,4942241.20000000000,,,0,Need species ID,44.63205142810,-63.58054639870
587,453953.45000000000,4942235.56000000000,,,0,Need species ID,44.63200073990,-63.58052950370
588,453814.94000000000,4942104.48000000000,Pinus nigra,Austrian Pine,92,Good - Ground Truthed,44.63081186250,-63.58226387310
589,453815.76000000000,4942101.83000000000,Pinus nigra,Austrian Pine,92,Good - Ground Truthed,44.63078805980,-63.58225329730
590,453816.15000000000,4942100.73000000000,Pinus nigra,Austrian Pine,92,Good - Ground Truthed,44.63077818260,-63.58224828170
591,453816.50000000000,4942099.71000000000,Pinus nigra,Austrian Pine,92,Good - Ground Truthed,44.63076902300,-63.58224377760
